{
  "project_info": {
    "project_number": "222454665532",
    "firebase_url": "https://tstergonomia-ad1fd.firebaseio.com",
    "project_id": "tstergonomia-ad1fd",
    "storage_bucket": "tstergonomia-ad1fd.appspot.com"
  },
  "client": [
    {
      "client_info": {
        "mobilesdk_app_id": "1:222454665532:android:1c05818323e874ba",
        "android_client_info": {
          "package_name": "com.danilo.dionisia.gmail.ergonomiaapp"
        }
      },
      "oauth_client": [
        {
          "client_id": "222454665532-v8sl5d4c9lca1sed1ncneq4gt3q2fufs.apps.googleusercontent.com",
          "client_type": 1,
          "android_info": {
            "package_name": "com.danilo.dionisia.gmail.ergonomiaapp",
            "certificate_hash": "7ba67286d29ce4ff60df7215eba9c84415397b73"
          }
        },
        {
          "client_id": "222454665532-iku6ddbc9orh762lbdpuu3ampm32lgf6.apps.googleusercontent.com",
          "client_type": 3
        }
      ],
      "api_key": [
        {
          "current_key": "AIzaSyCPLFRALiL1vAqynIQYlI7UkabEPaHWZO4"
        }
      ],
      "services": {
        "analytics_service": {
          "status": 1
        },
        "appinvite_service": {
          "status": 2,
          "other_platform_oauth_client": [
            {
              "client_id": "222454665532-iku6ddbc9orh762lbdpuu3ampm32lgf6.apps.googleusercontent.com",
              "client_type": 3
            }
          ]
        },
        "ads_service": {
          "status": 2
        }
      }
    }
  ],
  "configuration_version": "1"
}